condition,person_hash,n_mid,observed_k,predicted_k,n_oos_predictions
exp3,person_001,12.5,2.03125,3.8086374999999997,20
exp3,person_001,22.5,2.09375,4.2342625,20
exp3,person_001,32.5,2.15625,4.6135,20
exp3,person_001,40.0,2.1875,4.85005,20
exp3,person_002,12.5,2.0,3.8252875000000004,20
exp3,person_002,22.5,2.0,4.2743625000000005,20
exp3,person_002,32.5,2.0,4.6708750000000006,20
exp3,person_002,40.0,2.0,4.9112124999999995,20
exp3,person_003,12.5,2.65625,3.7736375000000004,20
exp3,person_003,22.5,2.75,4.1824125,20
exp3,person_003,32.5,2.96875,4.562075,20
exp3,person_003,40.0,3.3125,4.78155,20
exp3,person_008,12.5,3.53125,3.7624125,20
exp3,person_008,22.5,4.125,4.158424999999999,20
exp3,person_008,32.5,3.75,4.520262499999999,20
exp3,person_008,40.0,3.9375,4.7155375,20
exp3,person_009,12.5,2.25,3.7932375,20
exp3,person_009,22.5,2.5,4.2078125,20
exp3,person_009,32.5,2.5625,4.5876,20
exp3,person_009,40.0,2.4375,4.816387499999999,20
exp3,person_011,12.5,2.0,3.8283499999999995,20
exp3,person_011,22.5,2.0,4.25835,20
exp3,person_011,32.5,2.0,4.661075,20
exp3,person_011,40.0,2.0,4.8713500000000005,20
exp3,person_012,12.5,3.0,3.8185625,20
exp3,person_012,22.5,3.40625,4.2317,20
exp3,person_012,32.5,3.59375,4.57735,20
exp3,person_012,40.0,3.1875,4.788,20
exp3,person_013,12.5,2.8125,3.808675,20
exp3,person_013,22.5,3.34375,4.2161375,20
exp3,person_013,32.5,3.6875,4.5802625,20
exp3,person_013,40.0,4.3125,4.824450000000001,20
exp3,person_014,12.5,4.6875,3.802675,20
exp3,person_014,22.5,5.3125,4.2208,20
exp3,person_014,32.5,5.59375,4.5825625,20
exp3,person_014,40.0,5.25,4.799825,20
exp3,person_015,12.5,2.0,3.814075,20
exp3,person_015,22.5,2.0,4.239974999999999,20
exp3,person_015,32.5,2.0,4.6341625,20
exp3,person_015,40.0,2.0,4.8286375,20
exp3,person_017,12.5,2.0,3.8272500000000003,20
exp3,person_017,22.5,2.0,4.245175,20
exp3,person_017,32.5,2.0,4.6490875,20
exp3,person_017,40.0,2.0,4.8643,20
exp3,person_023,12.5,3.34375,3.8465249999999997,20
exp3,person_023,22.5,3.890625,4.263199999999999,20
exp3,person_023,32.5,4.5,4.6486625,20
exp3,person_023,40.0,4.46875,4.8609625,20
exp3,person_024,12.5,2.625,3.8346625000000003,20
exp3,person_024,22.5,2.78125,4.279287500000001,20
exp3,person_024,32.5,3.09375,4.6965875,20
exp3,person_024,40.0,3.375,4.89185,20
exp3,person_025,12.5,2.0,3.8338875000000003,20
exp3,person_025,22.5,2.0,4.259675,20
exp3,person_025,32.5,2.0,4.63165,20
exp3,person_025,40.0,2.0,4.85365,20
exp3,person_033,12.5,2.0,3.8498375000000005,20
exp3,person_033,22.5,2.0,4.2741,20
exp3,person_033,32.5,2.0,4.656712499999999,20
exp3,person_033,40.0,2.0,4.8973875,20
exp3,person_034,12.5,2.84375,3.772475,20
exp3,person_034,22.5,2.9375,4.1828125,20
exp3,person_034,32.5,3.40625,4.545275,20
exp3,person_034,40.0,3.125,4.77975,20
exp3,person_039,12.5,2.0625,3.85655,20
exp3,person_039,22.5,2.15625,4.285525,20
exp3,person_039,32.5,2.375,4.65205,20
exp3,person_039,40.0,2.0625,4.8502625,20
exp3,person_043,12.5,2.5625,3.8171125000000004,20
exp3,person_043,22.5,3.4375,4.246675,20
exp3,person_043,32.5,3.375,4.602575,20
exp3,person_043,40.0,4.3125,4.7934375000000005,20
exp3,person_044,12.5,2.78125,3.8132875,20
exp3,person_044,22.5,3.59375,4.2073374999999995,20
exp3,person_044,32.5,4.4375,4.589612499999999,20
exp3,person_044,40.0,4.3125,4.8385,20
exp3,person_050,12.5,5.3125,3.727825,20
exp3,person_050,22.5,6.5625,4.154425,20
exp3,person_050,32.5,7.46875,4.5431875,20
exp3,person_050,40.0,8.3125,4.710687500000001,20
exp3,person_051,12.5,2.0,3.85095,20
exp3,person_051,22.5,2.0,4.2966999999999995,20
exp3,person_051,32.5,2.0,4.700162499999999,20
exp3,person_051,40.0,2.0,4.92005,20
exp3,person_054,12.5,2.0,3.8451250000000003,20
exp3,person_054,22.5,2.0,4.2835374999999996,20
exp3,person_054,32.5,2.0,4.6729875,20
exp3,person_054,40.0,2.0,4.89925,20
exp3,person_055,12.5,2.53125,3.839325,20
exp3,person_055,22.5,2.8125,4.2765125,20
exp3,person_055,32.5,3.28125,4.6475875,20
exp3,person_055,40.0,3.5625,4.8568625,20
exp3,person_056,12.5,2.8125,3.8648625,20
exp3,person_056,22.5,3.4375,4.301699999999999,20
exp3,person_056,32.5,3.46875,4.6987499999999995,20
exp3,person_056,40.0,3.375,4.934525,20
exp3,person_058,12.5,2.0,3.86265,20
exp3,person_058,22.5,2.03125,4.2751624999999995,20
exp3,person_058,32.5,2.03125,4.6910875,20
exp3,person_058,40.0,2.0625,4.91855,20
exp3,person_059,12.5,2.71875,3.8501624999999997,20
exp3,person_059,22.5,3.34375,4.280825,20
exp3,person_059,32.5,3.625,4.6772374999999995,20
exp3,person_059,40.0,3.4375,4.8862499999999995,20
exp3,person_060,12.5,3.375,3.8104999999999998,20
exp3,person_060,22.5,3.65625,4.2402875,20
exp3,person_060,32.5,3.96875,4.6209625,20
exp3,person_060,40.0,3.875,4.8368625000000005,20
exp3,person_061,12.5,2.1875,3.8062875,20
exp3,person_061,22.5,2.09375,4.2368875,20
exp3,person_061,32.5,2.125,4.616025,20
exp3,person_061,40.0,2.0,4.840675,20
exp3,person_062,12.5,4.09375,3.8320875,20
exp3,person_062,22.5,4.9375,4.257875,20
exp3,person_062,32.5,3.875,4.6580625,20
exp3,person_062,40.0,4.4375,4.912025,20
exp3,person_064,12.5,4.75,3.7839,20
exp3,person_064,22.5,7.3125,4.165850000000001,20
exp3,person_064,32.5,10.15625,4.529175,20
exp3,person_064,40.0,12.125,4.72305,20
exp3,person_066,12.5,2.5625,3.8189625,20
exp3,person_066,22.5,3.3125,4.2260125,20
exp3,person_066,32.5,3.71875,4.600887500000001,20
exp3,person_066,40.0,3.625,4.819100000000001,20
exp3,person_070,12.5,4.5,3.7950875,20
exp3,person_070,22.5,6.09375,4.214650000000001,20
exp3,person_070,32.5,6.71875,4.6090125,20
exp3,person_070,40.0,7.5,4.8319375,20
exp3,person_074,12.5,2.34375,3.8373125000000003,20
exp3,person_074,22.5,2.6875,4.2536375,20
exp3,person_074,32.5,3.609375,4.6450125,20
exp3,person_074,40.0,4.25,4.840775,20
exp3,person_075,12.5,2.4375,3.7994250000000003,20
exp3,person_075,22.5,2.21875,4.215425,20
exp3,person_075,32.5,2.625,4.60815,20
exp3,person_075,40.0,2.25,4.824575,20
exp3,person_079,12.5,3.5625,3.8407625000000003,20
exp3,person_079,22.5,3.8125,4.267575,20
exp3,person_079,32.5,3.9375,4.6560749999999995,20
exp3,person_079,40.0,4.0625,4.87815,20
exp3,person_080,12.5,4.3125,3.8295125,20
exp3,person_080,22.5,6.1875,4.2650500000000005,20
exp3,person_080,32.5,8.40625,4.6328375,20
exp3,person_080,40.0,8.25,4.84255,20
exp3,person_082,12.5,2.96875,3.8165875,20
exp3,person_082,22.5,3.46875,4.254725,20
exp3,person_082,32.5,3.09375,4.6449875,20
exp3,person_082,40.0,3.5625,4.8505875000000005,20
exp3,person_084,12.5,3.5,3.835275,20
exp3,person_084,22.5,3.8125,4.2695375,20
exp3,person_084,32.5,3.96875,4.659475,20
exp3,person_084,40.0,4.125,4.8769,20
exp3,person_086,12.5,2.53125,3.7993499999999996,20
exp3,person_086,22.5,2.75,4.1932,20
exp3,person_086,32.5,2.71875,4.5980875,20
exp3,person_086,40.0,2.8125,4.8154,20
exp3,person_087,12.5,2.0,3.85935,20
exp3,person_087,22.5,2.03125,4.26675,20
exp3,person_087,32.5,2.03125,4.6652499999999995,20
exp3,person_087,40.0,2.0,4.8983375,20
exp3,person_088,12.5,2.53125,3.8305374999999997,20
exp3,person_088,22.5,3.0,4.24615,20
exp3,person_088,32.5,3.25,4.6258125,20
exp3,person_088,40.0,3.5,4.8398,20
exp3,person_089,12.5,2.0,3.8533625000000002,20
exp3,person_089,22.5,2.0,4.2722875,20
exp3,person_089,32.5,2.0,4.6537,20
exp3,person_089,40.0,2.0,4.8711625,20
exp3,person_092,12.5,2.0,3.8335125,20
exp3,person_092,22.5,2.21875,4.24775,20
exp3,person_092,32.5,2.1875,4.63335,20
exp3,person_092,40.0,2.0,4.8765125,20
exp3,person_095,12.5,2.375,3.8140375,20
exp3,person_095,22.5,2.40625,4.220375,20
exp3,person_095,32.5,2.8125,4.6238,20
exp3,person_095,40.0,3.0,4.83735,20
exp3,person_096,12.5,2.03125,3.811775,20
exp3,person_096,22.5,2.25,4.230475,20
exp3,person_096,32.5,2.03125,4.6015749999999995,20
exp3,person_096,40.0,2.0,4.8158375,20
exp3,person_097,12.5,3.28125,3.8232875,20
exp3,person_097,22.5,4.25,4.23915,20
exp3,person_097,32.5,4.9375,4.62635,20
exp3,person_097,40.0,5.125,4.82885,20
exp3,person_098,12.5,3.0625,3.8313499999999996,20
exp3,person_098,22.5,3.4375,4.26635,20
exp3,person_098,32.5,3.40625,4.6486,20
exp3,person_098,40.0,3.5625,4.881425,20
exp3,person_099,12.5,2.78125,3.8322125,20
exp3,person_099,22.5,3.0625,4.258175,20
exp3,person_099,32.5,3.25,4.651375,20
exp3,person_099,40.0,3.125,4.859275,20
exp3,person_102,12.5,2.625,3.7975625,20
exp3,person_102,22.5,3.53125,4.2220625,20
exp3,person_102,32.5,4.15625,4.61845,20
exp3,person_102,40.0,4.3125,4.8377625,20
exp3,person_103,12.5,2.1875,3.8469124999999997,20
exp3,person_103,22.5,2.53125,4.2572875,20
exp3,person_103,32.5,2.34375,4.6535375000000005,20
exp3,person_103,40.0,2.6875,4.8820375,20
exp3,person_104,12.5,2.15625,3.8456625000000004,20
exp3,person_104,22.5,2.28125,4.2793125000000005,20
exp3,person_104,32.5,2.75,4.661075,20
exp3,person_104,40.0,3.125,4.900775,20
exp3,person_108,12.5,2.53125,3.8232,20
exp3,person_108,22.5,2.84375,4.2247625,20
exp3,person_108,32.5,2.65625,4.6230875,20
exp3,person_108,40.0,3.0,4.863075,20
exp3,person_109,12.5,2.0,3.8351374999999996,20
exp3,person_109,22.5,2.0,4.2644625,20
exp3,person_109,32.5,2.0,4.642575,20
exp3,person_109,40.0,2.0,4.8586,20
exp3,person_115,12.5,2.03125,3.8477249999999996,20
exp3,person_115,22.5,2.0,4.2571875,20
exp3,person_115,32.5,2.0,4.66175,20
exp3,person_115,40.0,2.0,4.861225,20
exp3,person_116,12.5,3.21875,3.8151874999999995,20
exp3,person_116,22.5,3.59375,4.2428,20
exp3,person_116,32.5,3.75,4.6292124999999995,20
exp3,person_116,40.0,3.5,4.8498375000000005,20
exp3,person_119,12.5,3.3125,3.7855625,20
exp3,person_119,22.5,3.78125,4.1944125,20
exp3,person_119,32.5,4.1875,4.579425,20
exp3,person_119,40.0,4.125,4.7923625,20
exp3,person_120,12.5,2.5625,3.8131500000000003,20
exp3,person_120,22.5,2.75,4.2486375,20
exp3,person_120,32.5,3.0,4.6434750000000005,20
exp3,person_120,40.0,3.3125,4.8247875,20
exp3,person_122,12.5,5.15625,3.8117875,20
exp3,person_122,22.5,6.25,4.229,20
exp3,person_122,32.5,7.21875,4.61695,20
exp3,person_122,40.0,7.1875,4.8126625,20
exp3,person_123,12.5,3.71875,3.8154000000000003,20
exp3,person_123,22.5,4.0625,4.2624375,20
exp3,person_123,32.5,3.21875,4.6601125,20
exp3,person_123,40.0,3.625,4.8802125,20
exp3,person_124,12.5,3.796875,3.8596125,20
exp3,person_124,22.5,5.078125,4.2740375,20
exp3,person_124,32.5,5.9375,4.652225,20
exp3,person_124,40.0,6.59375,4.8653125,20
exp3,person_127,12.5,3.375,3.8061374999999997,20
exp3,person_127,22.5,4.375,4.2374125,20
exp3,person_127,32.5,4.71875,4.588975,20
exp3,person_127,40.0,4.6875,4.7700125,20
exp3,person_129,12.5,2.875,3.7982,20
exp3,person_129,22.5,3.5,4.227237499999999,20
exp3,person_129,32.5,3.875,4.614325,20
exp3,person_129,40.0,3.75,4.810875,20
exp3,person_130,12.5,2.375,3.8072625,20
exp3,person_130,22.5,2.9375,4.228625,20
exp3,person_130,32.5,3.46875,4.5947625,20
exp3,person_130,40.0,3.75,4.8175,20
exp3,person_131,12.5,2.75,3.79855,20
exp3,person_131,22.5,3.09375,4.211399999999999,20
exp3,person_131,32.5,3.125,4.6094625,20
exp3,person_131,40.0,3.375,4.8244875,20
exp4,person_004,12.5,2.142857142857143,3.8383375,20
exp4,person_004,22.5,2.142857142857143,4.22975,20
exp4,person_004,32.5,2.125,4.418075,20
exp4,person_004,40.0,2.3333333333333335,4.6682125,20
exp4,person_005,12.5,3.3529411764705883,3.9233874999999996,20
exp4,person_005,22.5,3.8,4.279375,20
exp4,person_005,32.5,3.7368421052631584,4.4696875,20
exp4,person_005,40.0,3.8,4.6933125,20
exp4,person_006,12.5,2.736842105263158,3.856875,20
exp4,person_006,22.5,3.0,4.27865,20
exp4,person_006,32.5,3.6875,4.4577125,20
exp4,person_006,40.0,3.25,4.7176625,20
exp4,person_007,12.5,3.1052631578947367,3.8263875,20
exp4,person_007,22.5,3.3571428571428568,4.237025,20
exp4,person_007,32.5,3.7777777777777777,4.4125375,20
exp4,person_007,40.0,3.8,4.6669625,20
exp4,person_010,12.5,3.818181818181819,3.7507375000000005,20
exp4,person_010,22.5,4.684210526315789,4.2362,20
exp4,person_010,32.5,5.235294117647059,4.4394,20
exp4,person_010,40.0,5.0,4.6780625,20
exp4,person_013,12.5,3.875,3.7743499999999996,20
exp4,person_013,22.5,4.4,4.2092875,20
exp4,person_013,32.5,4.714285714285714,4.4098625,20
exp4,person_013,40.0,4.833333333333333,4.6610375,20
exp4,person_016,12.5,4.5,3.8794125,20
exp4,person_016,22.5,4.625,4.29565,20
exp4,person_016,32.5,4.823529411764706,4.4759125,20
exp4,person_016,40.0,4.8,4.742425,20
exp4,person_017,12.5,2.125,3.8774,20
exp4,person_017,22.5,2.5,4.2646875,20
exp4,person_017,32.5,2.6875,4.45425,20
exp4,person_017,40.0,3.25,4.69045,20
exp4,person_018,12.5,2.888888888888889,3.8846375,20
exp4,person_018,22.5,3.3076923076923075,4.2915125000000005,20
exp4,person_018,32.5,3.3076923076923075,4.464612499999999,20
exp4,person_018,40.0,3.75,4.7081375,20
exp4,person_019,12.5,3.8333333333333335,3.8439500000000004,20
exp4,person_019,22.5,5.2727272727272725,4.2213,20
exp4,person_019,32.5,7.0,4.369975,20
exp4,person_019,40.0,8.6,4.639912499999999,20
exp4,person_020,12.5,3.473684210526316,3.871575,20
exp4,person_020,22.5,3.9375,4.2579875000000005,20
exp4,person_020,32.5,4.0,4.4388375,20
exp4,person_020,40.0,4.4,4.6832375,20
exp4,person_021,12.5,2.1875,3.8570124999999997,20
exp4,person_021,22.5,2.9375,4.2721625,20
exp4,person_021,32.5,3.235294117647059,4.452687500000001,20
exp4,person_021,40.0,3.0,4.68615,20
exp4,person_022,12.5,2.1666666666666665,3.8794125,20
exp4,person_022,22.5,2.7058823529411766,4.28855,20
exp4,person_022,32.5,3.3571428571428568,4.4460125,20
exp4,person_022,40.0,3.5714285714285716,4.6993875,20
exp4,person_026,12.5,2.6666666666666665,3.904725,20
exp4,person_026,22.5,3.2272727272727275,4.2879125,20
exp4,person_026,32.5,2.6363636363636362,4.4667375,20
exp4,person_026,40.0,2.625,4.707725,20
exp4,person_027,12.5,3.210526315789474,3.8615375,20
exp4,person_027,22.5,3.3333333333333335,4.241525,20
exp4,person_027,32.5,3.5,4.421675,20
exp4,person_027,40.0,3.818181818181819,4.6583375,20
exp4,person_028,12.5,2.1,3.863825,20
exp4,person_028,22.5,2.3846153846153846,4.2799375,20
exp4,person_028,32.5,2.8125,4.4492125,20
exp4,person_028,40.0,3.0,4.6970875,20
exp4,person_029,12.5,4.266666666666667,3.787925,20
exp4,person_029,22.5,5.833333333333333,4.1333625,20
exp4,person_029,32.5,7.3125,4.3207,20
exp4,person_029,40.0,9.142857142857142,4.590325,20
exp4,person_030,12.5,2.2777777777777777,3.8801125,20
exp4,person_030,22.5,2.764705882352941,4.280425,20
exp4,person_030,32.5,2.5714285714285716,4.4651375,20
exp4,person_030,40.0,2.7142857142857144,4.703525,20
exp4,person_031,12.5,3.4375,3.875925,20
exp4,person_031,22.5,3.625,4.2847875,20
exp4,person_031,32.5,3.7368421052631584,4.456125,20
exp4,person_031,40.0,3.6,4.6901625000000005,20
exp4,person_032,12.5,2.142857142857143,3.8753,20
exp4,person_032,22.5,2.6666666666666665,4.3202375,20
exp4,person_032,32.5,2.7857142857142856,4.481075,20
exp4,person_032,40.0,2.4285714285714284,4.7292749999999995,20
exp4,person_035,12.5,3.6923076923076925,3.8877375,20
exp4,person_035,22.5,3.0555555555555554,4.242275,20
exp4,person_035,32.5,3.125,4.4141625,20
exp4,person_035,40.0,2.7777777777777777,4.6507375,20
exp4,person_036,12.5,3.526315789473684,3.8901000000000003,20
exp4,person_036,22.5,3.9,4.275525,20
exp4,person_036,32.5,4.238095238095238,4.4441875,20
exp4,person_036,40.0,4.166666666666667,4.6729,20
exp4,person_037,12.5,2.3125,3.8193125,20
exp4,person_037,22.5,2.533333333333333,4.2574625,20
exp4,person_037,32.5,2.8421052631578947,4.4368125,20
exp4,person_037,40.0,3.1666666666666665,4.6729875,20
exp4,person_038,12.5,3.1176470588235294,3.857475,20
exp4,person_038,22.5,3.6,4.254975,20
exp4,person_038,32.5,3.875,4.435287499999999,20
exp4,person_038,40.0,3.75,4.6820125,20
exp4,person_040,12.5,3.5294117647058827,3.879925,20
exp4,person_040,22.5,3.85,4.3065625,20
exp4,person_040,32.5,4.533333333333333,4.455087499999999,20
exp4,person_040,40.0,4.25,4.7034,20
exp4,person_041,12.5,2.125,3.842225,20
exp4,person_041,22.5,2.230769230769231,4.234875000000001,20
exp4,person_041,32.5,2.0588235294117645,4.442712500000001,20
exp4,person_041,40.0,2.4,4.69275,20
exp4,person_042,12.5,2.875,3.8667124999999998,20
exp4,person_042,22.5,3.5,4.2753625,20
exp4,person_042,32.5,3.4,4.4527375,20
exp4,person_042,40.0,2.909090909090909,4.7108625,20
exp4,person_045,12.5,3.9411764705882355,3.8191,20
exp4,person_045,22.5,4.142857142857143,4.250425,20
exp4,person_045,32.5,4.5,4.4342875,20
exp4,person_045,40.0,4.222222222222222,4.6764,20
exp4,person_046,12.5,2.0,3.903875,20
exp4,person_046,22.5,2.0,4.30575,20
exp4,person_046,32.5,2.0,4.461925,20
exp4,person_046,40.0,2.0,4.7025625,20
exp4,person_047,12.5,2.0,3.905425,20
exp4,person_047,22.5,2.0,4.312525,20
exp4,person_047,32.5,2.0588235294117645,4.494975,20
exp4,person_047,40.0,2.0,4.754275,20
exp4,person_048,12.5,3.88235294117647,3.8400999999999996,20
exp4,person_048,22.5,4.75,4.206625,20
exp4,person_048,32.5,4.9,4.382462500000001,20
exp4,person_048,40.0,6.142857142857143,4.638575,20
exp4,person_049,12.5,3.6470588235294117,3.8717875,20
exp4,person_049,22.5,4.571428571428571,4.2291125,20
exp4,person_049,32.5,4.533333333333333,4.42,20
exp4,person_049,40.0,4.8,4.67575,20
exp4,person_052,12.5,3.8666666666666663,3.8802250000000003,20
exp4,person_052,22.5,4.117647058823529,4.279787499999999,20
exp4,person_052,32.5,4.3125,4.4367375000000004,20
exp4,person_052,40.0,4.25,4.677525,20
exp4,person_053,12.5,2.0,3.862875,20
exp4,person_053,22.5,2.0,4.284174999999999,20
exp4,person_053,32.5,2.0588235294117645,4.4699125,20
exp4,person_053,40.0,2.0,4.7157875,20
exp4,person_057,12.5,3.6153846153846154,3.7284625,20
exp4,person_057,22.5,3.7,4.025775,20
exp4,person_057,32.5,4.176470588235294,4.2575,20
exp4,person_057,40.0,3.8333333333333335,4.5226750000000004,20
exp4,person_062,12.5,4.947368421052632,3.7579875,20
exp4,person_062,22.5,6.222222222222222,4.1276874999999995,20
exp4,person_062,32.5,7.15,4.3305375,20
exp4,person_062,40.0,6.625,4.5736375,20
exp4,person_063,12.5,2.888888888888889,3.8726624999999997,20
exp4,person_063,22.5,3.3888888888888884,4.2620125,20
exp4,person_063,32.5,3.5,4.4476125,20
exp4,person_063,40.0,3.6666666666666665,4.685375,20
exp4,person_065,12.5,2.85,3.9141874999999997,20
exp4,person_065,22.5,3.3846153846153846,4.3144125,20
exp4,person_065,32.5,3.3333333333333335,4.462625,20
exp4,person_065,40.0,3.6,4.706275,20
exp4,person_067,12.5,3.8571428571428568,3.856375,20
exp4,person_067,22.5,4.0,4.199975,20
exp4,person_067,32.5,4.0,4.3869875,20
exp4,person_067,40.0,4.0,4.6240250000000005,20
exp4,person_068,12.5,4.111111111111111,3.8915125,20
exp4,person_068,22.5,4.866666666666666,4.245875,20
exp4,person_068,32.5,4.642857142857143,4.418200000000001,20
exp4,person_068,40.0,5.111111111111111,4.6805625,20
exp4,person_069,12.5,3.1333333333333333,3.8343000000000003,20
exp4,person_069,22.5,3.6111111111111116,4.1848875,20
exp4,person_069,32.5,4.277777777777778,4.4001625,20
exp4,person_069,40.0,4.8,4.6503125,20
exp4,person_071,12.5,3.2,3.91145,20
exp4,person_071,22.5,3.5333333333333328,4.228,20
exp4,person_071,32.5,3.85,4.425625,20
exp4,person_071,40.0,3.6666666666666665,4.65775,20
exp4,person_072,12.5,2.0555555555555554,3.8899749999999997,20
exp4,person_072,22.5,2.5833333333333335,4.2914125,20
exp4,person_072,32.5,2.8333333333333335,4.437975,20
exp4,person_072,40.0,3.625,4.707225,20
exp4,person_073,12.5,3.7222222222222223,3.8540374999999996,20
exp4,person_073,22.5,4.230769230769231,4.2563249999999995,20
exp4,person_073,32.5,4.0625,4.3919875,20
exp4,person_073,40.0,3.7777777777777777,4.64955,20
exp4,person_076,12.5,2.0588235294117645,3.8976875,20
exp4,person_076,22.5,2.210526315789474,4.3070875,20
exp4,person_076,32.5,2.5,4.4838625,20
exp4,person_076,40.0,2.875,4.7413875,20
exp4,person_077,12.5,3.625,3.8685625000000003,20
exp4,person_077,22.5,4.055555555555555,4.2844875,20
exp4,person_077,32.5,4.4375,4.43735,20
exp4,person_077,40.0,4.0,4.6998125,20
exp4,person_078,12.5,3.375,3.8801250000000005,20
exp4,person_078,22.5,4.25,4.2849375,20
exp4,person_078,32.5,5.571428571428571,4.4536750000000005,20
exp4,person_078,40.0,5.8,4.6865000000000006,20
exp4,person_081,12.5,2.111111111111111,3.8760125000000003,20
exp4,person_081,22.5,2.0714285714285716,4.2392,20
exp4,person_081,32.5,2.0714285714285716,4.430525,20
exp4,person_081,40.0,2.1,4.6931125,20
exp4,person_082,12.5,2.6470588235294117,3.8918999999999997,20
exp4,person_082,22.5,2.823529411764706,4.2736375,20
exp4,person_082,32.5,2.9285714285714284,4.4474625,20
exp4,person_082,40.0,3.0,4.68605,20
exp4,person_083,12.5,2.1333333333333333,3.86145,20
exp4,person_083,22.5,2.1052631578947367,4.2787,20
exp4,person_083,32.5,2.0,4.4603625000000005,20
exp4,person_083,40.0,2.0,4.7097,20
exp4,person_085,12.5,2.1666666666666665,3.85445,20
exp4,person_085,22.5,2.75,4.2388375,20
exp4,person_085,32.5,3.25,4.427325000000001,20
exp4,person_085,40.0,3.1666666666666665,4.6846000000000005,20
exp4,person_087,12.5,2.125,3.8465874999999996,20
exp4,person_087,22.5,2.0,4.251212499999999,20
exp4,person_087,32.5,2.0,4.45415,20
exp4,person_087,40.0,2.3333333333333335,4.70185,20
exp4,person_090,12.5,3.0588235294117645,3.8542125,20
exp4,person_090,22.5,3.5,4.2579,20
exp4,person_090,32.5,4.066666666666666,4.423375,20
exp4,person_090,40.0,4.125,4.6812249999999995,20
exp4,person_091,12.5,2.588235294117647,3.8884,20
exp4,person_091,22.5,2.8823529411764706,4.3090375000000005,20
exp4,person_091,32.5,3.0,4.4579,20
exp4,person_091,40.0,3.0,4.7031,20
exp4,person_093,12.5,2.375,3.8825000000000003,20
exp4,person_093,22.5,2.5384615384615383,4.30525,20
exp4,person_093,32.5,2.55,4.4632125,20
exp4,person_093,40.0,2.7142857142857144,4.726825,20
exp4,person_094,12.5,2.6666666666666665,3.88855,20
exp4,person_094,22.5,2.619047619047619,4.251637499999999,20
exp4,person_094,32.5,2.75,4.4315750000000005,20
exp4,person_094,40.0,2.0,4.68675,20
exp4,person_095,12.5,2.75,3.862825,20
exp4,person_095,22.5,3.2631578947368416,4.2616875,20
exp4,person_095,32.5,3.2777777777777777,4.4564125,20
exp4,person_095,40.0,3.0,4.707625,20
exp4,person_100,12.5,2.0,3.8776,20
exp4,person_100,22.5,2.0,4.2810125,20
exp4,person_100,32.5,2.0,4.4431125,20
exp4,person_100,40.0,2.0,4.690424999999999,20
exp4,person_101,12.5,2.5,3.91545,20
exp4,person_101,22.5,2.9375,4.284274999999999,20
exp4,person_101,32.5,3.0625,4.4309875,20
exp4,person_101,40.0,3.3333333333333335,4.703437500000001,20
exp4,person_105,12.5,3.8333333333333335,3.8483625000000004,20
exp4,person_105,22.5,4.625,4.223962500000001,20
exp4,person_105,32.5,5.333333333333333,4.397225000000001,20
exp4,person_105,40.0,5.7,4.6465499999999995,20
exp4,person_106,12.5,3.1333333333333333,3.8975375,20
exp4,person_106,22.5,3.2941176470588234,4.299625000000001,20
exp4,person_106,32.5,3.1176470588235294,4.474875,20
exp4,person_106,40.0,3.5714285714285716,4.7186,20
exp4,person_107,12.5,4.0,3.8537,20
exp4,person_107,22.5,4.2,4.2413625,20
exp4,person_107,32.5,4.6,4.4268625,20
exp4,person_107,40.0,4.555555555555555,4.6693,20
exp4,person_110,12.5,3.2777777777777777,3.9131500000000004,20
exp4,person_110,22.5,4.153846153846154,4.3044625,20
exp4,person_110,32.5,4.894736842105263,4.449025000000001,20
exp4,person_110,40.0,5.666666666666667,4.6930125,20
exp4,person_111,12.5,4.142857142857143,3.8535000000000004,20
exp4,person_111,22.5,5.785714285714286,4.2499125,20
exp4,person_111,32.5,5.0,4.4249125,20
exp4,person_111,40.0,5.777777777777778,4.686400000000001,20
exp4,person_112,12.5,3.4375,3.809375,20
exp4,person_112,22.5,4.0,4.1732625,20
exp4,person_112,32.5,4.555555555555555,4.367075,20
exp4,person_112,40.0,5.142857142857143,4.605925,20
exp4,person_113,12.5,3.3529411764705883,3.8922499999999998,20
exp4,person_113,22.5,3.8125,4.302275,20
exp4,person_113,32.5,3.9230769230769225,4.4481625000000005,20
exp4,person_113,40.0,4.1,4.678262500000001,20
exp4,person_114,12.5,3.0,3.8571625,20
exp4,person_114,22.5,3.230769230769231,4.28645,20
exp4,person_114,32.5,3.111111111111111,4.422675,20
exp4,person_114,40.0,3.111111111111111,4.6736125,20
exp4,person_117,12.5,3.3333333333333335,3.756925,20
exp4,person_117,22.5,3.6666666666666665,4.196350000000001,20
exp4,person_117,32.5,3.6875,4.3660125,20
exp4,person_117,40.0,3.5,4.640912500000001,20
exp4,person_118,12.5,2.857142857142857,3.8293,20
exp4,person_118,22.5,3.3529411764705883,4.2233374999999995,20
exp4,person_118,32.5,4.0,4.386950000000001,20
exp4,person_118,40.0,4.166666666666667,4.6316749999999995,20
exp4,person_121,12.5,4.2,3.8875374999999996,20
exp4,person_121,22.5,4.470588235294118,4.2695625,20
exp4,person_121,32.5,4.6,4.4414125,20
exp4,person_121,40.0,4.666666666666667,4.6679125,20
exp4,person_125,12.5,3.444444444444444,3.8918875,20
exp4,person_125,22.5,4.055555555555555,4.315825,20
exp4,person_125,32.5,4.533333333333333,4.485049999999999,20
exp4,person_125,40.0,5.0,4.7288875,20
exp4,person_126,12.5,3.5789473684210527,3.851425,20
exp4,person_126,22.5,3.8333333333333335,4.2126624999999995,20
exp4,person_126,32.5,4.105263157894737,4.4069125,20
exp4,person_126,40.0,4.166666666666667,4.6558375,20
exp4,person_128,12.5,2.0,3.875075,20
exp4,person_128,22.5,2.1,4.245749999999999,20
exp4,person_128,32.5,2.0454545454545454,4.3954875,20
exp4,person_128,40.0,2.0,4.6435375,20
